Müller,Lukas,Standard
Schmidt,Sarah,VIP
Schneider,Tim,Student
Fischer,Emma,Presse
Weber,Felix,Standard
Meyer,Laura,Student
Wagner,Paul,VIP
Becker,Marie,Standard
Schulz,Nils,Standard
Hoffmann,Lea,Student
Schäfer,Jonas,Presse
Koch,Anna,VIP
Bauer,Leon,Standard
Richter,Clara,Student
Klein,Finn,Standard
Wolf,Mia,VIP
Schröder,Luis,Standard
Neumann,Elena,Student
Schwarz,Noah,Presse
Zimmermann,Julia,Standard
Braun,Luca,VIP
Krüger,Sophia,Student
Hofmann,Ben,Standard
Hartmann,Hannah,Standard
Lange,David,VIP
Schmitt,Leni,Student
Werner,Jan,Presse
Schmitz,Mathilda,Standard
Krause,Jakob,Standard
Meier,Frieda,VIP
Lehmann,Emil,Student
Schmid,Ida,Standard
Schulze,Anton,Presse
Maier,Lilly,VIP
Köhler,Moritz,Standard
Herrmann,Mila,Student
Walter,Simon,Standard
König,Ella,VIP
Mayer,Lian,Student
Huber,Lotta,Standard
Kaiser,Samuel,Presse
Fuchs,Maja,VIP
Peters,Liam,Standard
Lang,Isabella,Student
Scholz,Bennet,Standard
Möller,Emelie,VIP
Weiß,Julian,Student
Jung,Amelie,Presse
Hahn,Maximilian,Standard
Schubert,Luisa,Standard
Vogel,Oscar,VIP
Friedrich,Sophie,Student
Günther,Theo,Standard
Keller,Charlotte,VIP
Winkler,Caspar,Student
Frank,Nele,Presse
Berger,Linus,Standard
Roth,Romy,Standard
Beck,Matteo,VIP
Lorenz,Paula,Student
Baumann,Arthur,Standard
Franke,Johanna,Presse
Albrecht,Jona,VIP
Schuster,Victoria,Student
Simon,Hannes,Standard
Ludwig,Tilda,Standard
Böhm,Marius,VIP
Winter,Lina,Student
Kraus,Adrian,Presse
Martin,Pia,Standard
Schumacher,Vincent,VIP
Vogt,Klara,Student
Stein,Rafael,Standard
Jäger,Jule,Standard
Otto,Constantin,VIP
Sommer,Merle,Student
Groß,Nicolas,Presse
Seidel,Rosa,Standard
Graf,Philipp,VIP
Schreiber,Ronja,Student
Ziegler,Bastian,Standard
Brandt,Alina,Standard
Kuhn,Kilian,VIP
Schulte,Malena,Student
Kühn,Yannick,Presse
Pohl,Svea,Standard
Engel,Fabian,VIP
Horn,Maila,Student
Busch,Milo,Standard
Bergmann,Anni,Standard
Voigt,Lars,VIP
Sauer,Eleni,Student
Wolff,Gregor,Presse
Maurer,Finja,Standard
Beyer,Tamino,VIP
Kramer,Jana,Student
Jansen,Marvin,Standard
Lenz,Carina,Standard
Ullrich,Dominic,VIP
Eberhardt,Nora,Student
Hansen,Sven,Presse
Esser,Viola,Standard
Gerhardt,Kalle,VIP
Bauer,Leona,Student
Gärtner,Mick,Standard
Roos,Saskia,Standard
Kasper,Henrik,VIP
Seifert,Ines,Student
Henning,Rouven,Presse
Fiedler,Melina,Standard
Bär,Thorsten,VIP
Eichhorn,Sina,Student
Wille,Lutz,Standard
Stark,Hedi,Standard
Kort,Oliver,VIP
Dittrich,Gesine,Student
Bader,Ruben,Presse
Kroll,Tessa,Standard
Pabst,Gero,VIP
Runge,Aileen,Student
Noack,Sören,Standard
Krug,Bettina,Standard
Heil,Marco,VIP
Wenzel,Svenja,Student
Zander,Arno,Presse
Schick,Tanja,Standard
Haase,Uwe,VIP
Bosse,Elke,Student
